[
  {
    "Id": "Release-1",
    "ProjectId": "Project-1",
    "Version": "1.0.0",
    "Created": "2000-01-01T09:00:00"
  },
  {
    "Id": "Release-2",
    "ProjectId": "Project-1",
    "Version": "1.0.1",
    "Created": "2000-01-02T09:00:00"
  },
  {
    "Id": "Release-3",
    "ProjectId": "Project-1",
    "Version": null,
    "Created": "2000-01-02T13:00:00"
  },
  {
    "Id": "Release-4",
    "ProjectId": "Project-2",
    "Version": "1.0.0",
    "Created": "2000-01-01T09:00:00"
  },
  {
    "Id": "Release-5",
    "ProjectId": "Project-2",
    "Version": "1.0.1-ci1",
    "Created": "2000-01-01T10:00:00"
  },
  {
    "Id": "Release-6",
    "ProjectId": "Project-2",
    "Version": "1.0.2",
    "Created": "2000-01-02T09:00:00"
  },
  {
    "Id": "Release-7",
    "ProjectId": "Project-2",
    "Version": "1.0.3",
    "Created": "2000-01-02T12:00:00"
  },
  {
    "Id": "Release-8",
    "ProjectId": "Project-3",
    "Version": "2.0.0",
    "Created": "2000-01-01T09:00:00"
  }
]